sample_id	accession_pat	accession_mat	sex
HG00097	HG00097_hap1_hprc_r2_v1.0.1	HG00097_hap2_hprc_r2_v1.0.1	female
HG00099	HG00099_hap1_hprc_r2_v1.0.1	HG00099_hap2_hprc_r2_v1.0.1	female
HG00126	HG00126_hap1_hprc_r2_v1.0.1	HG00126_hap2_hprc_r2_v1.0.1	male
HG00128	HG00128_hap1_hprc_r2_v1.0.1	HG00128_hap2_hprc_r2_v1.0.1	female
HG00133	HG00133_hap1_hprc_r2_v1.0.1	HG00133_hap2_hprc_r2_v1.0.1	female
HG00140	HG00140_hap1_hprc_r2_v1.0.1	HG00140_hap2_hprc_r2_v1.0.1	male
HG00146	HG00146_hap1_hprc_r2_v1.0.1	HG00146_hap2_hprc_r2_v1.0.1	female
HG002	hg002v1.1.pat	hg002v1.1.mat_MT	male
HG00232	HG00232_hap1_hprc_r2_v1.0.1	HG00232_hap2_hprc_r2_v1.0.1	female
HG00235	HG00235_hap1_hprc_r2_v1.0.1	HG00235_hap2_hprc_r2_v1.0.1	female
HG00253	HG00253_hap1_hprc_r2_v1.0.1	HG00253_hap2_hprc_r2_v1.0.1	female
HG00272	HG00272_hap1_hprc_r2_v1.0.1	HG00272_hap2_hprc_r2_v1.0.1	female
HG00280	HG00280_hap1_hprc_r2_v1.0.1	HG00280_hap2_hprc_r2_v1.0.1	male
HG00290	HG00290_hap1_hprc_r2_v1.0.1	HG00290_hap2_hprc_r2_v1.0.1	male
HG00320	HG00320_hap1_hprc_r2_v1.0.1	HG00320_hap2_hprc_r2_v1.0.1	female
HG00321	HG00321_hap1_hprc_r2_v1.0.1	HG00321_hap2_hprc_r2_v1.0.1	male
HG00323	HG00323_hap1_hprc_r2_v1.0.1	HG00323_hap2_hprc_r2_v1.0.1	female
HG00329	HG00329_hap1_hprc_r2_v1.0.1	HG00329_hap2_hprc_r2_v1.0.1	male
HG00344	HG00344_hap1_hprc_r2_v1.0.1	HG00344_hap2_hprc_r2_v1.0.1	female
HG00350	HG00350_hap1_hprc_r2_v1.0.1	HG00350_hap2_hprc_r2_v1.0.1	female
HG00408	HG00408_pat_hprc_r2_v1.0.1	HG00408_mat_hprc_r2_v1.0.1	female
HG00423	HG00423_pat_hprc_r2_v1.0.1	HG00423_mat_hprc_r2_v1.0.1	female
HG00438	HG00438_pat_hprc_r2_v1.0.1	HG00438_mat_hprc_r2_v1.0.1	female
HG005	HG005_pat_hprc_r2_v1.0.1	HG005_mat_hprc_r2_v1.0.1	male
HG00544	HG00544_pat_hprc_r2_v1.0.1	HG00544_mat_hprc_r2_v1.0.1	female
HG00558	HG00558_pat_hprc_r2_v1.0.1	HG00558_mat_hprc_r2_v1.0.1	female
HG00597	HG00597_pat_hprc_r2_v1.0.1	HG00597_mat_hprc_r2_v1.0.1	female
HG00609	HG00609_pat_hprc_r2_v1.0.1	HG00609_mat_hprc_r2_v1.0.1	male
HG00621	HG00621_pat_hprc_r2_v1.0.1	HG00621_mat_hprc_r2_v1.0.1	male
HG00639	HG00639_pat_hprc_r2_v1.0.1	HG00639_mat_hprc_r2_v1.0.1	female
HG00642	HG00642_pat_hprc_r2_v1.0.1	HG00642_mat_hprc_r2_v1.0.1	male
HG00658	HG00658_pat_hprc_r2_v1.0.1	HG00658_mat_hprc_r2_v1.0.1	male
HG00673	HG00673_pat_hprc_r2_v1.0.1	HG00673_mat_hprc_r2_v1.0.1	male
HG00706	HG00706_pat_hprc_r2_v1.0.1	HG00706_mat_hprc_r2_v1.0.1	male
HG00733	HG00733_pat_hprc_r2_v1.0.1	HG00733_mat_hprc_r2_v1.0.1	female
HG00735	HG00735_pat_hprc_r2_v1.0.1	HG00735_mat_hprc_r2_v1.0.1	female
HG00738	HG00738_pat_hprc_r2_v1.0.1	HG00738_mat_hprc_r2_v1.0.1	male
HG00741	HG00741_pat_hprc_r2_v1.0.1	HG00741_mat_hprc_r2_v1.0.1	female
HG01071	HG01071_pat_hprc_r2_v1.0.1	HG01071_mat_hprc_r2_v1.0.1	female
HG01074	HG01074_pat_hprc_r2_v1.0.1	HG01074_mat_hprc_r2_v1.0.1	male
HG01081	HG01081_pat_hprc_r2_v1.0.1	HG01081_mat_hprc_r2_v1.0.1	female
HG01099	HG01099_pat_hprc_r2_v1.0.1	HG01099_mat_hprc_r2_v1.0.1	male
HG01106	HG01106_pat_hprc_r2_v1.0.1	HG01106_mat_hprc_r2_v1.0.1	male
HG01109	HG01109_pat_hprc_r2_v1.0.1	HG01109_mat_hprc_r2_v1.0.1	male
HG01123	HG01123_pat_hprc_r2_v1.0.1	HG01123_mat_hprc_r2_v1.0.1	female
HG01150	HG01150_pat_hprc_r2_v1.0.1	HG01150_mat_hprc_r2_v1.0.1	female
HG01167	HG01167_hap1_hprc_r2_v1.0.1	HG01167_hap2_hprc_r2_v1.0.1	male
HG01175	HG01175_pat_hprc_r2_v1.0.1	HG01175_mat_hprc_r2_v1.0.1	female
HG01192	HG01192_pat_hprc_r2_v1.0.1	HG01192_mat_hprc_r2_v1.0.1	male
HG01243	HG01243_pat_hprc_r2_v1.0.1	HG01243_mat_hprc_r2_v1.0.1	male
HG01252	HG01252_pat_hprc_r2_v1.0.1	HG01252_mat_hprc_r2_v1.0.1	male
HG01255	HG01255_pat_hprc_r2_v1.0.1	HG01255_mat_hprc_r2_v1.0.1	male
HG01258	HG01258_pat_hprc_r2_v1.0.1	HG01258_mat_hprc_r2_v1.0.1	male
HG01261	HG01261_pat_hprc_r2_v1.0.1	HG01261_mat_hprc_r2_v1.0.1	male
HG01346	HG01346_pat_hprc_r2_v1.0.1	HG01346_mat_hprc_r2_v1.0.1	female
HG01358	HG01358_pat_hprc_r2_v1.0.1	HG01358_mat_hprc_r2_v1.0.1	male
HG01361	HG01361_pat_hprc_r2_v1.0.1	HG01361_mat_hprc_r2_v1.0.1	female
HG01433	HG01433_pat_hprc_r2_v1.0.1	HG01433_mat_hprc_r2_v1.0.1	male
HG01496	HG01496_pat_hprc_r2_v1.0.1	HG01496_mat_hprc_r2_v1.0.1	female
HG01530	HG01530_hap1_hprc_r2_v1.0.1	HG01530_hap2_hprc_r2_v1.0.1	male
HG01784	HG01784_hap1_hprc_r2_v1.0.1	HG01784_hap2_hprc_r2_v1.0.1	female
HG01786	HG01786_hap1_hprc_r2_v1.0.1	HG01786_hap2_hprc_r2_v1.0.1	female
HG01884	HG01884_pat_hprc_r2_v1.0.1	HG01884_mat_hprc_r2_v1.0.1	female
HG01891	HG01891_pat_hprc_r2_v1.0.1	HG01891_mat_hprc_r2_v1.0.1	female
HG01928	HG01928_pat_hprc_r2_v1.0.1	HG01928_mat_hprc_r2_v1.0.1	male
HG01934	HG01934_pat_hprc_r2_v1.0.1	HG01934_mat_hprc_r2_v1.0.1	male
HG01940	HG01940_pat_hprc_r2_v1.0.1	HG01940_mat_hprc_r2_v1.0.1	female
HG01943	HG01943_pat_hprc_r2_v1.0.1	HG01943_mat_hprc_r2_v1.0.1	male
HG01952	HG01952_pat_hprc_r2_v1.0.1	HG01952_mat_hprc_r2_v1.0.1	male
HG01960	HG01960_pat_hprc_r2_v1.0.1	HG01960_mat_hprc_r2_v1.0.1	female
HG01969	HG01969_pat_hprc_r2_v1.0.1	HG01969_mat_hprc_r2_v1.0.1	female
HG01975	HG01975_pat_hprc_r2_v1.0.1	HG01975_mat_hprc_r2_v1.0.1	female
HG01978	HG01978_pat_hprc_r2_v1.1.0	HG01978_mat_hprc_r2_v1.1.0	female
HG01981	HG01981_pat_hprc_r2_v1.0.1	HG01981_mat_hprc_r2_v1.0.1	female
HG01993	HG01993_pat_hprc_r2_v1.0.1	HG01993_mat_hprc_r2_v1.0.1	female
HG02004	HG02004_pat_hprc_r2_v1.0.1	HG02004_mat_hprc_r2_v1.0.1	female
HG02015	HG02015_pat_hprc_r2_v1.0.1	HG02015_mat_hprc_r2_v1.0.1	male
HG02027	HG02027_pat_hprc_r2_v1.0.1	HG02027_mat_hprc_r2_v1.0.1	male
HG02040	HG02040_hap1_hprc_r2_v1.0.1	HG02040_hap2_hprc_r2_v1.0.1	male
HG02055	HG02055_pat_hprc_r2_v1.0.1	HG02055_mat_hprc_r2_v1.0.1	male
HG02056	HG02056_pat_hprc_r2_v1.0.1	HG02056_mat_hprc_r2_v1.0.1	male
HG02071	HG02071_pat_hprc_r2_v1.0.1	HG02071_mat_hprc_r2_v1.0.1	male
HG02074	HG02074_pat_hprc_r2_v1.0.1	HG02074_mat_hprc_r2_v1.0.1	male
HG02080	HG02080_pat_hprc_r2_v1.0.1	HG02080_mat_hprc_r2_v1.0.1	female
HG02083	HG02083_pat_hprc_r2_v1.0.1	HG02083_mat_hprc_r2_v1.0.1	male
HG02109	HG02109_pat_hprc_r2_v1.0.1	HG02109_mat_hprc_r2_v1.0.1	female
HG02129	HG02129_pat_hprc_r2_v1.0.1	HG02129_mat_hprc_r2_v1.0.1	male
HG02132	HG02132_pat_hprc_r2_v1.0.1	HG02132_mat_hprc_r2_v1.0.1	male
HG02135	HG02135_pat_hprc_r2_v1.0.1	HG02135_mat_hprc_r2_v1.0.1	male
HG02145	HG02145_pat_hprc_r2_v1.0.1	HG02145_mat_hprc_r2_v1.0.1	male
HG02148	HG02148_pat_hprc_r2_v1.0.1	HG02148_mat_hprc_r2_v1.0.1	female
HG02155	HG02155_hap1_hprc_r2_v1.0.1	HG02155_hap2_hprc_r2_v1.0.1	female
HG02165	HG02165_hap1_hprc_r2_v1.0.1	HG02165_hap2_hprc_r2_v1.0.1	female
HG02178	HG02178_hap1_hprc_r2_v1.0.1	HG02178_hap2_hprc_r2_v1.0.1	female
HG02257	HG02257_pat_hprc_r2_v1.1.0	HG02257_mat_hprc_r2_v1.1.0	female
HG02258	HG02258_pat_hprc_r2_v1.0.1	HG02258_mat_hprc_r2_v1.0.1	male
HG02273	HG02273_hap1_hprc_r2_v1.0.1	HG02273_hap2_hprc_r2_v1.0.1	female
HG02280	HG02280_pat_hprc_r2_v1.0.1	HG02280_mat_hprc_r2_v1.0.1	female
HG02293	HG02293_pat_hprc_r2_v1.0.1	HG02293_mat_hprc_r2_v1.0.1	female
HG02300	HG02300_pat_hprc_r2_v1.0.1	HG02300_mat_hprc_r2_v1.0.1	female
HG02391	HG02391_hap1_hprc_r2_v1.0.1	HG02391_hap2_hprc_r2_v1.0.1	male
HG02392	HG02392_hap1_hprc_r2_v1.0.1	HG02392_hap2_hprc_r2_v1.0.1	male
HG02451	HG02451_pat_hprc_r2_v1.0.1	HG02451_mat_hprc_r2_v1.0.1	female
HG02486	HG02486_pat_hprc_r2_v1.0.1	HG02486_mat_hprc_r2_v1.0.1	male
HG02514	HG02514_pat_hprc_r2_v1.0.1	HG02514_mat_hprc_r2_v1.0.1	male
HG02523	HG02523_pat_hprc_r2_v1.0.1	HG02523_mat_hprc_r2_v1.0.1	female
HG02559	HG02559_pat_hprc_r2_v1.0.1	HG02559_mat_hprc_r2_v1.0.1	female
HG02572	HG02572_pat_hprc_r2_v1.0.1	HG02572_mat_hprc_r2_v1.0.1	male
HG02583	HG02583_hap1_hprc_r2_v1.0.1	HG02583_hap2_hprc_r2_v1.0.1	female
HG02602	HG02602_pat_hprc_r2_v1.0.1	HG02602_mat_hprc_r2_v1.0.1	male
HG02615	HG02615_pat_hprc_r2_v1.0.1	HG02615_mat_hprc_r2_v1.0.1	female
HG02622	HG02622_pat_hprc_r2_v1.0.1	HG02622_mat_hprc_r2_v1.0.1	female
HG02630	HG02630_pat_hprc_r2_v1.0.1	HG02630_mat_hprc_r2_v1.0.1	female
HG02647	HG02647_pat_hprc_r2_v1.0.1	HG02647_mat_hprc_r2_v1.0.1	male
HG02668	HG02668_pat_hprc_r2_v1.0.1	HG02668_mat_hprc_r2_v1.0.1	male
HG02698	HG02698_pat_hprc_r2_v1.0.1	HG02698_mat_hprc_r2_v1.0.1	male
HG02717	HG02717_pat_hprc_r2_v1.0.1	HG02717_mat_hprc_r2_v1.0.1	male
HG02723	HG02723_pat_hprc_r2_v1.0.1	HG02723_mat_hprc_r2_v1.0.1	female
HG02735	HG02735_pat_hprc_r2_v1.0.1	HG02735_mat_hprc_r2_v1.0.1	male
HG02738	HG02738_pat_hprc_r2_v1.0.1	HG02738_mat_hprc_r2_v1.0.1	male
HG02809	HG02809_pat_hprc_r2_v1.0.1	HG02809_mat_hprc_r2_v1.0.1	female
HG02818	HG02818_pat_hprc_r2_v1.0.1	HG02818_mat_hprc_r2_v1.0.1	female
HG02841	HG02841_pat_hprc_r2_v1.0.1	HG02841_mat_hprc_r2_v1.0.1	female
HG02886	HG02886_pat_hprc_r2_v1.0.1	HG02886_mat_hprc_r2_v1.0.1	female
HG02922	HG02922_hap1_hprc_r2_v1.0.1	HG02922_hap2_hprc_r2_v1.0.1	female
HG02965	HG02965_hap1_hprc_r2_v1.0.1	HG02965_hap2_hprc_r2_v1.0.1	male
HG02976	HG02976_hap1_hprc_r2_v1.0.1	HG02976_hap2_hprc_r2_v1.0.1	female
HG02984	HG02984_pat_hprc_r2_v1.0.1	HG02984_mat_hprc_r2_v1.0.1	male
HG03017	HG03017_pat_hprc_r2_v1.0.1	HG03017_mat_hprc_r2_v1.0.1	male
HG03041	HG03041_pat_hprc_r2_v1.0.1	HG03041_mat_hprc_r2_v1.0.1	female
HG03050	HG03050_pat_hprc_r2_v1.0.1	HG03050_mat_hprc_r2_v1.0.1	male
HG03098	HG03098_pat_hprc_r2_v1.0.1	HG03098_mat_hprc_r2_v1.0.1	male
HG03130	HG03130_hap1_hprc_r2_v1.0.1	HG03130_hap2_hprc_r2_v1.0.1	male
HG03139	HG03139_hap1_hprc_r2_v1.0.1	HG03139_hap2_hprc_r2_v1.0.1	male
HG03195	HG03195_hap1_hprc_r2_v1.0.1	HG03195_hap2_hprc_r2_v1.0.1	female
HG03209	HG03209_hap1_hprc_r2_v1.0.1	HG03209_hap2_hprc_r2_v1.0.1	male
HG03225	HG03225_hap1_hprc_r2_v1.0.1	HG03225_hap2_hprc_r2_v1.0.1	male
HG03239	HG03239_pat_hprc_r2_v1.0.1	HG03239_mat_hprc_r2_v1.0.1	female
HG03270	HG03270_hap1_hprc_r2_v1.0.1	HG03270_hap2_hprc_r2_v1.0.1	female
HG03369	HG03369_hap1_hprc_r2_v1.0.1	HG03369_hap2_hprc_r2_v1.0.1	female
HG03453	HG03453_pat_hprc_r2_v1.0.1	HG03453_mat_hprc_r2_v1.0.1	female
HG03470	HG03470_hap1_hprc_r2_v1.0.1	HG03470_hap2_hprc_r2_v1.0.1	female
HG03471	HG03471_hap1_hprc_r2_v1.0.1	HG03471_hap2_hprc_r2_v1.0.1	male
HG03486	HG03486_pat_hprc_r2_v1.0.1	HG03486_mat_hprc_r2_v1.0.1	female
HG03516	HG03516_pat_hprc_r2_v1.1.0	HG03516_mat_hprc_r2_v1.1.0	female
HG03521	HG03521_hap1_hprc_r2_v1.0.1	HG03521_hap2_hprc_r2_v1.0.1	male
HG03540	HG03540_pat_hprc_r2_v1.0.1	HG03540_mat_hprc_r2_v1.0.1	female
HG03579	HG03579_pat_hprc_r2_v1.0.1	HG03579_mat_hprc_r2_v1.0.1	male
HG03583	HG03583_hap1_hprc_r2_v1.0.1	HG03583_hap2_hprc_r2_v1.0.1	female
HG03654	HG03654_pat_hprc_r2_v1.0.1	HG03654_mat_hprc_r2_v1.0.1	male
HG03669	HG03669_pat_hprc_r2_v1.0.1	HG03669_mat_hprc_r2_v1.0.1	female
HG03688	HG03688_pat_hprc_r2_v1.0.1	HG03688_mat_hprc_r2_v1.0.1	male
HG03704	HG03704_pat_hprc_r2_v1.0.1	HG03704_mat_hprc_r2_v1.0.1	female
HG03710	HG03710_pat_hprc_r2_v1.0.1	HG03710_mat_hprc_r2_v1.0.1	male
HG03742	HG03742_hap1_hprc_r2_v1.0.1	HG03742_hap2_hprc_r2_v1.0.1	male
HG03784	HG03784_hap1_hprc_r2_v1.0.1	HG03784_hap2_hprc_r2_v1.0.1	female
HG03804	HG03804_pat_hprc_r2_v1.0.1	HG03804_mat_hprc_r2_v1.0.1	female
HG03816	HG03816_pat_hprc_r2_v1.0.1	HG03816_mat_hprc_r2_v1.0.1	female
HG03831	HG03831_pat_hprc_r2_v1.0.1	HG03831_mat_hprc_r2_v1.0.1	female
HG03834	HG03834_pat_hprc_r2_v1.0.1	HG03834_mat_hprc_r2_v1.0.1	female
HG03874	HG03874_hap1_hprc_r2_v1.0.1	HG03874_hap2_hprc_r2_v1.0.1	female
HG03927	HG03927_pat_hprc_r2_v1.0.1	HG03927_mat_hprc_r2_v1.0.1	female
HG03942	HG03942_pat_hprc_r2_v1.0.1	HG03942_mat_hprc_r2_v1.0.1	male
HG04115	HG04115_pat_hprc_r2_v1.0.1	HG04115_mat_hprc_r2_v1.0.1	male
HG04157	HG04157_pat_hprc_r2_v1.0.1	HG04157_mat_hprc_r2_v1.0.1	male
HG04160	HG04160_pat_hprc_r2_v1.0.1	HG04160_mat_hprc_r2_v1.0.1	male
HG04184	HG04184_pat_hprc_r2_v1.0.1	HG04184_mat_hprc_r2_v1.0.1	female
HG04187	HG04187_pat_hprc_r2_v1.0.1	HG04187_mat_hprc_r2_v1.0.1	male
HG04199	HG04199_pat_hprc_r2_v1.0.1	HG04199_mat_hprc_r2_v1.0.1	male
HG04204	HG04204_pat_hprc_r2_v1.0.1	HG04204_mat_hprc_r2_v1.0.1	male
HG04228	HG04228_pat_hprc_r2_v1.0.1	HG04228_mat_hprc_r2_v1.0.1	male
HG06807	HG06807_pat_v1	HG06807_mat_v1	male
NA18505	NA18505_hap1_hprc_r2_v1.0.1	NA18505_hap2_hprc_r2_v1.0.1	female
NA18508	NA18508_hap1_hprc_r2_v1.0.1	NA18508_hap2_hprc_r2_v1.0.1	female
NA18522	NA18522_hap1_hprc_r2_v1.0.1	NA18522_hap2_hprc_r2_v1.0.1	male
NA18565	NA18565_hap1_hprc_r2_v1.0.1	NA18565_hap2_hprc_r2_v1.0.1	female
NA18570	NA18570_hap1_hprc_r2_v1.0.1	NA18570_hap2_hprc_r2_v1.0.1	female
NA18608	NA18608_hap1_hprc_r2_v1.0.1	NA18608_hap2_hprc_r2_v1.0.1	male
NA18620	NA18620_hap1_hprc_r2_v1.0.1	NA18620_hap2_hprc_r2_v1.0.1	male
NA18747	NA18747_hap1_hprc_r2_v1.0.1	NA18747_hap2_hprc_r2_v1.0.1	male
NA18879	NA18879_hap1_hprc_r2_v1.0.1	NA18879_hap2_hprc_r2_v1.0.1	male
NA18906	NA18906_pat_hprc_r2_v1.0.1	NA18906_mat_hprc_r2_v1.0.1	female
NA18940	NA18940_hap1_hprc_r2_v1.0.1	NA18940_hap2_hprc_r2_v1.0.1	male
NA18943	NA18943_hap1_hprc_r2_v1.0.1	NA18943_hap2_hprc_r2_v1.0.1	male
NA18944	NA18944_hap1_hprc_r2_v1.0.1	NA18944_hap2_hprc_r2_v1.0.1	male
NA18945	NA18945_hap1_hprc_r2_v1.0.1	NA18945_hap2_hprc_r2_v1.0.1	male
NA18948	NA18948_hap1_hprc_r2_v1.0.1	NA18948_hap2_hprc_r2_v1.0.1	male
NA18952	NA18952_hap1_hprc_r2_v1.0.1	NA18952_hap2_hprc_r2_v1.0.1	male
NA18959	NA18959_hap1_hprc_r2_v1.0.1	NA18959_hap2_hprc_r2_v1.0.1	male
NA18960	NA18960_hap1_hprc_r2_v1.0.1	NA18960_hap2_hprc_r2_v1.0.1	male
NA18967	NA18967_hap1_hprc_r2_v1.0.1	NA18967_hap2_hprc_r2_v1.0.1	male
NA18970	NA18970_hap1_hprc_r2_v1.0.1	NA18970_hap2_hprc_r2_v1.0.1	male
NA18971	NA18971_hap1_hprc_r2_v1.0.1	NA18971_hap2_hprc_r2_v1.0.1	male
NA18974	NA18974_hap1_hprc_r2_v1.0.1	NA18974_hap2_hprc_r2_v1.0.1	male
NA18976	NA18976_hap1_hprc_r2_v1.0.1	NA18976_hap2_hprc_r2_v1.0.1	female
NA18982	NA18982_hap1_hprc_r2_v1.0.1	NA18982_hap2_hprc_r2_v1.0.1	male
NA18983	NA18983_hap1_hprc_r2_v1.0.1	NA18983_hap2_hprc_r2_v1.0.1	male
NA19036	NA19036_hap1_hprc_r2_v1.0.1	NA19036_hap2_hprc_r2_v1.0.1	female
NA19043	NA19043_hap1_hprc_r2_v1.0.1	NA19043_hap2_hprc_r2_v1.0.1	male
NA19087	NA19087_hap1_hprc_r2_v1.0.1	NA19087_hap2_hprc_r2_v1.0.1	female
NA19159	NA19159_hap1_hprc_r2_v1.0.1	NA19159_hap2_hprc_r2_v1.0.1	female
NA19185	NA19185_hap1_hprc_r2_v1.0.1	NA19185_hap2_hprc_r2_v1.0.1	female
NA19240	NA19240_pat_hprc_r2_v1.0.1	NA19240_mat_hprc_r2_v1.0.1	female
NA19338	NA19338_hap1_hprc_r2_v1.0.1	NA19338_hap2_hprc_r2_v1.0.1	female
NA19391	NA19391_hap1_hprc_r2_v1.0.1	NA19391_hap2_hprc_r2_v1.0.1	female
NA19443	NA19443_hap1_hprc_r2_v1.0.1	NA19443_hap2_hprc_r2_v1.0.1	male
NA19468	NA19468_hap1_hprc_r2_v1.0.1	NA19468_hap2_hprc_r2_v1.0.1	female
NA19682	NA19682_hap1_hprc_r2_v1.0.1	NA19682_hap2_hprc_r2_v1.0.1	male
NA19700	NA19700_hap1_hprc_r2_v1.0.1	NA19700_hap2_hprc_r2_v1.0.1	male
NA19776	NA19776_hap1_hprc_r2_v1.0.1	NA19776_hap2_hprc_r2_v1.0.1	female
NA19835	NA19835_hap1_hprc_r2_v1.0.1	NA19835_hap2_hprc_r2_v1.0.1	female
NA19909	NA19909_hap1_hprc_r2_v1.0.1	NA19909_hap2_hprc_r2_v1.0.1	female
NA20129	NA20129_pat_hprc_r2_v1.0.1	NA20129_mat_hprc_r2_v1.0.1	female
NA20282	NA20282_hap1_hprc_r2_v1.0.1	NA20282_hap2_hprc_r2_v1.0.1	female
NA20346	NA20346_hap1_hprc_r2_v1.0.1	NA20346_hap2_hprc_r2_v1.0.1	male
NA20503	NA20503_hap1_hprc_r2_v1.0.1	NA20503_hap2_hprc_r2_v1.0.1	female
NA20752	NA20752_hap1_hprc_r2_v1.0.1	NA20752_hap2_hprc_r2_v1.0.1	male
NA20762	NA20762_hap1_hprc_r2_v1.0.1	NA20762_hap2_hprc_r2_v1.0.1	male
NA20799	NA20799_hap1_hprc_r2_v1.0.1	NA20799_hap2_hprc_r2_v1.0.1	female
NA20805	NA20805_hap1_hprc_r2_v1.0.1	NA20805_hap2_hprc_r2_v1.0.1	male
NA20806	NA20806_hap1_hprc_r2_v1.0.1	NA20806_hap2_hprc_r2_v1.0.1	male
NA20809	NA20809_hap1_hprc_r2_v1.0.1	NA20809_hap2_hprc_r2_v1.0.1	male
NA20827	NA20827_hap1_hprc_r2_v1.0.1	NA20827_hap2_hprc_r2_v1.0.1	male
NA20850	NA20850_hap1_hprc_r2_v1.0.1	NA20850_hap2_hprc_r2_v1.0.1	male
NA20870	NA20870_hap1_hprc_r2_v1.0.1	NA20870_hap2_hprc_r2_v1.0.1	male
NA20905	NA20905_hap1_hprc_r2_v1.0.1	NA20905_hap2_hprc_r2_v1.0.1	male
NA21093	NA21093_hap1_hprc_r2_v1.0.1	NA21093_hap2_hprc_r2_v1.0.1	male
NA21102	NA21102_hap1_hprc_r2_v1.0.1	NA21102_hap2_hprc_r2_v1.0.1	female
NA21106	NA21106_hap1_hprc_r2_v1.0.1	NA21106_hap2_hprc_r2_v1.0.1	female
NA21110	NA21110_hap1_hprc_r2_v1.0.1	NA21110_hap2_hprc_r2_v1.0.1	female
NA21144	NA21144_hap1_hprc_r2_v1.0.1	NA21144_hap2_hprc_r2_v1.0.1	female
NA21309	NA21309_pat_hprc_r2_v1.0.1	NA21309_mat_hprc_r2_v1.0.1	female
